{
  "meta": {
    "gerado_em": "2026-05-28T21:18:24.447230",
    "empresa": {
      "nome": "Unifique",
      "ticker": "FIQE3",
      "pais": "Brasil",
      "setor": "Telecomunicações (B2B + B2B - banda larga + móvel)",
      "moeda": "BRL",
      "unidade": "milhões"
    }
  },
  "bloco_a": {
    "MktCap": 2797.59987,
    "Beta_L": 0.5400686658596393,
    "Ke": 0.18564312933971508,
    "Kd_liq": 0.030551399999999996,
    "W_equity": 0.999807371962207,
    "W_debt": 0.00019262803779284906,
    "WACC_0": 0.18561325432421447,
    "wacc_por_ano": {
      "1": 0.18561325432421447,
      "2": 0.18561325432421447,
      "3": 0.18561325432421447,
      "4": 0.18561325432421447,
      "5": 0.18561325432421447,
      "6": 0.18655060345937158,
      "7": 0.1874879525945287,
      "8": 0.18842530172968577,
      "9": 0.18936265086484289,
      "10": 0.1903,
      "term": 0.1903
    },
    "ir_por_ano": {
      "1": 0.2784,
      "2": 0.2784,
      "3": 0.2784,
      "4": 0.2784,
      "5": 0.2784,
      "6": 0.29072,
      "7": 0.30304,
      "8": 0.31536000000000003,
      "9": 0.32768,
      "10": 0.34,
      "term": 0.34
    }
  },
  "bloco_b_c": [
    {
      "t": 1,
      "g": 0.15,
      "Rev": 1.3639,
      "Mg": 0.29,
      "EBIT": 0.39553099999999997,
      "IR": 0.2784,
      "NOPAT": 0.28541516959999996,
      "Reinvest": 0.20929411764705877,
      "FCFF": 0.0761210519529412,
      "WACC": 0.18561325432421447,
      "Fator": 0.8434453615905199,
      "VP_FCFF": 0.06420394818909923
    },
    {
      "t": 2,
      "g": 0.12,
      "Rev": 1.527568,
      "Mg": 0.305,
      "EBIT": 0.46590824,
      "IR": 0.2784,
      "NOPAT": 0.336199385984,
      "Reinvest": 0.1925505882352943,
      "FCFF": 0.1436487977487057,
      "WACC": 0.18561325432421447,
      "Fator": 0.7114000779885628,
      "VP_FCFF": 0.10219176592139251
    },
    {
      "t": 3,
      "g": 0.12,
      "Rev": 1.7108761600000002,
      "Mg": 0.31999999999999995,
      "EBIT": 0.5474803711999999,
      "IR": 0.2784,
      "NOPAT": 0.39506183585792,
      "Reinvest": 0.2156566588235296,
      "FCFF": 0.17940517703439038,
      "WACC": 0.18561325432421447,
      "Fator": 0.6000270960145874,
      "VP_FCFF": 0.1076479673859282
    },
    {
      "t": 4,
      "g": 0.12,
      "Rev": 1.9161812992000005,
      "Mg": 0.33499999999999996,
      "EBIT": 0.6419207352320001,
      "IR": 0.2784,
      "NOPAT": 0.46321000254341127,
      "Reinvest": 0.24153545788235325,
      "FCFF": 0.22167454466105802,
      "WACC": 0.18561325432421447,
      "Fator": 0.5060900709621332,
      "VP_FCFF": 0.11218728603801342
    },
    {
      "t": 5,
      "g": 0.12,
      "Rev": 2.1461230551040007,
      "Mg": 0.35,
      "EBIT": 0.7511430692864002,
      "IR": 0.2784,
      "NOPAT": 0.5420248387970664,
      "Reinvest": 0.27051971282823556,
      "FCFF": 0.27150512596883086,
      "WACC": 0.18561325432421447,
      "Fator": 0.4268593229000283,
      "VP_FCFF": 0.11589449423494204
    },
    {
      "t": 6,
      "g": 0.106,
      "Rev": 2.373612098945025,
      "Mg": 0.35,
      "EBIT": 0.8307642346307588,
      "IR": 0.29072,
      "NOPAT": 0.5892444563389045,
      "Reinvest": 0.2676341692247346,
      "FCFF": 0.32161028711416995,
      "WACC": 0.18655060345937158,
      "Fator": 0.3597480981051512,
      "VP_FCFF": 0.11569868912037425
    },
    {
      "t": 7,
      "g": 0.092,
      "Rev": 2.591984412047968,
      "Mg": 0.35,
      "EBIT": 0.9071945442167887,
      "IR": 0.30304,
      "NOPAT": 0.6322783095373331,
      "Reinvest": 0.2569086036505208,
      "FCFF": 0.3753697058868123,
      "WACC": 0.1874879525945287,
      "Fator": 0.302948840296983,
      "VP_FCFF": 0.11371781708102938
    },
    {
      "t": 8,
      "g": 0.078,
      "Rev": 2.7941591961877097,
      "Mg": 0.35,
      "EBIT": 0.9779557186656983,
      "IR": 0.31536000000000003,
      "NOPAT": 0.6695476032272836,
      "Reinvest": 0.23785268722322575,
      "FCFF": 0.43169491600405785,
      "WACC": 0.18842530172968577,
      "Fator": 0.2549161818214894,
      "VP_FCFF": 0.110046019699503
    },
    {
      "t": 9,
      "g": 0.064,
      "Rev": 2.972985384743723,
      "Mg": 0.35,
      "EBIT": 1.040544884660303,
      "IR": 0.32768,
      "NOPAT": 0.6995791368548149,
      "Reinvest": 0.21038375124236872,
      "FCFF": 0.48919538561244613,
      "WACC": 0.18936265086484289,
      "Fator": 0.21433007135050655,
      "VP_FCFF": 0.10484928190265415
    },
    {
      "t": 10,
      "g": 0.05,
      "Rev": 3.1216346539809092,
      "Mg": 0.35,
      "EBIT": 1.0925721288933181,
      "IR": 0.34,
      "NOPAT": 0.7210976050695899,
      "Reinvest": 0.17488149322021898,
      "FCFF": 0.5462161118493709,
      "WACC": 0.1903,
      "Fator": 0.18006390939301567,
      "VP_FCFF": 0.09835380847305043
    }
  ],
  "VP_total": 1.0447910780459868,
  "bloco_d": {
    "Rev_term": 3.277716386679955,
    "EBIT_term": 1.1472007353379843,
    "NOPAT_term": 0.7571524853230696,
    "ROIC_term": 0.1903,
    "ReinvRate_term": 0.2627430373095113,
    "FCFF_term": 0.558215941622841,
    "denominador": 0.14029999999999998,
    "VT": 3.9787308740045697,
    "Fator_10": 0.18006390939301567,
    "VP_VT": 0.7164258355959529,
    "pct_vt": 40.6778875473373
  },
  "bloco_e": {
    "P_fail": 0,
    "Valor_op": 1.7612169136419396,
    "ajuste_aplicado": false
  },
  "bloco_f": {
    "Valor_op": 1.7612169136419396,
    "Caixa": 0.26,
    "AtvNOp": 0,
    "D": 0.539,
    "MinInt": 0.002,
    "Valor_opcoes": 0,
    "Valor_opcao_unit": 0,
    "Equity_Value": 1.4802169136419396,
    "Shares": 399.087,
    "Valor_acao": 0.0037090080950818735,
    "P": 7.01,
    "Premio": 1888.9931788488748
  },
  "checklist": [
    {
      "nome": "WACC(10) = WACC_est",
      "ok": true,
      "detalhe": "0.190300 vs 0.190300"
    },
    {
      "nome": "IR(10) = IR_marg",
      "ok": true,
      "detalhe": "0.340000 vs 0.340000"
    },
    {
      "nome": "Mg(Ano_conv) = Mg_alvo",
      "ok": true,
      "detalhe": "Mg(ano 5) = 0.350000 vs 0.350000"
    },
    {
      "nome": "g(10) = g_perp",
      "ok": true,
      "detalhe": "0.050000 vs 0.050000"
    },
    {
      "nome": "Fatores decrescentes (Fator_1 > Fator_10)",
      "ok": true,
      "detalhe": "Sempre verdadeiro - verificação estrutural"
    },
    {
      "nome": "Denominador VT > 0",
      "ok": true,
      "detalhe": "WACC_est - g_perp = 0.140300"
    },
    {
      "nome": "VP_VT entre 40% e 75% do total",
      "ok": true,
      "detalhe": "40.7% "
    },
    {
      "nome": "Equity_Value > 0",
      "ok": true,
      "detalhe": "1.48"
    },
    {
      "nome": "Valor_acao > 0",
      "ok": true,
      "detalhe": "0.0037"
    }
  ],
  "inputs_usados": {
    "Rev_0": 1.186,
    "D": 0.539,
    "Caixa": 0.26,
    "AtvNOp": 0,
    "MinInt": 0.002,
    "P": 7.01,
    "Shares": 399.087,
    "IR_ef": 0.2784,
    "Rf": 0.1453,
    "ERP": 0.0747,
    "Beta_u": 0.54,
    "Kd_pre": 0.04629,
    "IR_marg": 0.34,
    "WACC_est": 0.1903,
    "g1": 0.15,
    "g2_5": 0.12,
    "Mg_1": 0.29,
    "Mg_alvo": 0.35,
    "Ano_conv": 5,
    "StC": 0.85,
    "g_perp": 0.05,
    "P_fail": 0,
    "V_fail": 0,
    "g_schedule_override": {},
    "N_opt": 0,
    "K_opt": 0,
    "T_opt": 0,
    "Sigma": 0
  }
}